erp,ERP,autocomplete,2025-01-31 18:41:39
erp significado,ERP,autocomplete,2025-01-31 18:41:39
erp san mateo,ERP,autocomplete,2025-01-31 18:41:39
erpyme,ERP,autocomplete,2025-01-31 18:41:39
herpes zoster,ERP,autocomplete,2025-01-31 18:41:39
erp ejemplos,ERP,autocomplete,2025-01-31 18:41:39
erp sap,ERP,autocomplete,2025-01-31 18:41:39
erp consulting,ERP,autocomplete,2025-01-31 18:41:39
erpe en la boca,ERP,autocomplete,2025-01-31 18:41:39
herpes labial,ERP,autocomplete,2025-01-31 18:41:39
tienda online,Tienda online,autocomplete,2025-01-31 18:41:58
tienda online fortnite,Tienda online,autocomplete,2025-01-31 18:41:58
tienda online chile,Tienda online,autocomplete,2025-01-31 18:41:58
tienda online undurraga,Tienda online,autocomplete,2025-01-31 18:41:58
tienda online gratis,Tienda online,autocomplete,2025-01-31 18:41:58
tienda online natura,Tienda online,autocomplete,2025-01-31 18:41:58
tienda online fc mobile,Tienda online,autocomplete,2025-01-31 18:41:58
tienda online falabella,Tienda online,autocomplete,2025-01-31 18:41:58
tienda online colo colo,Tienda online,autocomplete,2025-01-31 18:41:58
tienda online pokemon go,Tienda online,autocomplete,2025-01-31 18:41:58
erp,ERP,autocomplete,2025-01-31 18:52:58
erp significado,ERP,autocomplete,2025-01-31 18:52:58
erp san mateo,ERP,autocomplete,2025-01-31 18:52:58
erpyme,ERP,autocomplete,2025-01-31 18:52:58
herpes zoster,ERP,autocomplete,2025-01-31 18:52:58
erp ejemplos,ERP,autocomplete,2025-01-31 18:52:58
erp sap,ERP,autocomplete,2025-01-31 18:52:58
erp consulting,ERP,autocomplete,2025-01-31 18:52:58
erpe en la boca,ERP,autocomplete,2025-01-31 18:52:58
herpes labial,ERP,autocomplete,2025-01-31 18:52:58
tienda online,tienda online,autocomplete,2025-01-31 18:53:16
tienda online fortnite,tienda online,autocomplete,2025-01-31 18:53:16
tienda online chile,tienda online,autocomplete,2025-01-31 18:53:16
tienda online undurraga,tienda online,autocomplete,2025-01-31 18:53:16
tienda online gratis,tienda online,autocomplete,2025-01-31 18:53:16
tienda online natura,tienda online,autocomplete,2025-01-31 18:53:16
tienda online fc mobile,tienda online,autocomplete,2025-01-31 18:53:16
tienda online falabella,tienda online,autocomplete,2025-01-31 18:53:16
tienda online colo colo,tienda online,autocomplete,2025-01-31 18:53:16
tienda online pokemon go,tienda online,autocomplete,2025-01-31 18:53:16
erp,ERP,autocomplete,2025-01-31 18:55:00
erp significado,ERP,autocomplete,2025-01-31 18:55:00
erp san mateo,ERP,autocomplete,2025-01-31 18:55:00
erpyme,ERP,autocomplete,2025-01-31 18:55:00
herpes zoster,ERP,autocomplete,2025-01-31 18:55:00
erp ejemplos,ERP,autocomplete,2025-01-31 18:55:00
erp sap,ERP,autocomplete,2025-01-31 18:55:00
erp consulting,ERP,autocomplete,2025-01-31 18:55:00
erpe en la boca,ERP,autocomplete,2025-01-31 18:55:00
herpes labial,ERP,autocomplete,2025-01-31 18:55:00
tienda online,Tienda online,autocomplete,2025-01-31 18:55:17
tienda online fortnite,Tienda online,autocomplete,2025-01-31 18:55:17
tienda online chile,Tienda online,autocomplete,2025-01-31 18:55:17
tienda online undurraga,Tienda online,autocomplete,2025-01-31 18:55:17
tienda online gratis,Tienda online,autocomplete,2025-01-31 18:55:17
tienda online natura,Tienda online,autocomplete,2025-01-31 18:55:17
tienda online fc mobile,Tienda online,autocomplete,2025-01-31 18:55:17
tienda online falabella,Tienda online,autocomplete,2025-01-31 18:55:17
tienda online colo colo,Tienda online,autocomplete,2025-01-31 18:55:17
tienda online pokemon go,Tienda online,autocomplete,2025-01-31 18:55:17
erp,ERP,autocomplete,2025-01-31 18:55:37
erp significado,ERP,autocomplete,2025-01-31 18:55:37
erp san mateo,ERP,autocomplete,2025-01-31 18:55:37
erpyme,ERP,autocomplete,2025-01-31 18:55:37
herpes zoster,ERP,autocomplete,2025-01-31 18:55:37
erp ejemplos,ERP,autocomplete,2025-01-31 18:55:37
erp sap,ERP,autocomplete,2025-01-31 18:55:37
erp consulting,ERP,autocomplete,2025-01-31 18:55:37
erpe en la boca,ERP,autocomplete,2025-01-31 18:55:37
herpes labial,ERP,autocomplete,2025-01-31 18:55:37
tienda online,Tienda online,autocomplete,2025-01-31 18:55:54
tienda online fortnite,Tienda online,autocomplete,2025-01-31 18:55:54
tienda online chile,Tienda online,autocomplete,2025-01-31 18:55:54
tienda online undurraga,Tienda online,autocomplete,2025-01-31 18:55:54
tienda online gratis,Tienda online,autocomplete,2025-01-31 18:55:54
tienda online natura,Tienda online,autocomplete,2025-01-31 18:55:54
tienda online fc mobile,Tienda online,autocomplete,2025-01-31 18:55:54
tienda online falabella,Tienda online,autocomplete,2025-01-31 18:55:54
tienda online colo colo,Tienda online,autocomplete,2025-01-31 18:55:54
tienda online pokemon go,Tienda online,autocomplete,2025-01-31 18:55:54
erp para pymes,ERP para pymes,autocomplete,2025-01-31 19:00:09
erp para pymes chile,ERP para pymes,autocomplete,2025-01-31 19:00:09
erp para pymes gratis,ERP para pymes,autocomplete,2025-01-31 19:00:09
erp para pymes en mexico,ERP para pymes,autocomplete,2025-01-31 19:00:09
erp para pymes colombia,ERP para pymes,autocomplete,2025-01-31 19:00:09
erp para pymes perú,ERP para pymes,autocomplete,2025-01-31 19:00:09
erp para pymes argentina,ERP para pymes,autocomplete,2025-01-31 19:00:09
erp para pymes españa,ERP para pymes,autocomplete,2025-01-31 19:00:09
erp para pymes ecuador,ERP para pymes,autocomplete,2025-01-31 19:00:09
mejores erp para pymes argentina,ERP para pymes,autocomplete,2025-01-31 19:00:09
tienda online chile,tienda online chile,autocomplete,2025-01-31 19:00:27
tienda online chilexpress,tienda online chile,autocomplete,2025-01-31 19:00:27
lacoste tienda online chile,tienda online chile,autocomplete,2025-01-31 19:00:27
tienda skechers online chile,tienda online chile,autocomplete,2025-01-31 19:00:27
tienda coreana online chile,tienda online chile,autocomplete,2025-01-31 19:00:27
mango tienda online chile,tienda online chile,autocomplete,2025-01-31 19:00:27
tienda nike online chile,tienda online chile,autocomplete,2025-01-31 19:00:27
sybilla tienda online chile,tienda online chile,autocomplete,2025-01-31 19:00:27
crear tienda online chile,tienda online chile,autocomplete,2025-01-31 19:00:27
falabella tienda online chile,tienda online chile,autocomplete,2025-01-31 19:00:27
plataforma ecommerce chile,plataforma ecommerce Chile,autocomplete,2025-01-31 19:07:40
